11110,AUT-1111
11109,AUT-1110
11108,AUT-1109
11107,AUT-1108
11106,AUT-1107
11105,AUT-1106
11104,AUT-1105
11103,AUT-1104
11102,AUT-1103
11101,AUT-1102
11100,AUT-1101
11099,AUT-1100
11098,AUT-1099
11097,AUT-1098
11096,AUT-1097
11095,AUT-1096
11094,AUT-1095
11093,AUT-1094
11092,AUT-1093
11091,AUT-1092
11090,AUT-1091
11089,AUT-1090
11088,AUT-1089
11087,AUT-1088
11086,AUT-1087
11085,AUT-1086
11084,AUT-1085
11083,AUT-1084
11082,AUT-1083
11081,AUT-1082
11080,AUT-1081
11079,AUT-1080
11078,AUT-1079
11077,AUT-1078
11076,AUT-1077
11075,AUT-1076
11074,AUT-1075
11073,AUT-1074
11072,AUT-1073
11071,AUT-1072
11070,AUT-1071
11069,AUT-1070
11068,AUT-1069
11067,AUT-1068
11066,AUT-1067
11065,AUT-1066
11064,AUT-1065
11063,AUT-1064
11062,AUT-1063
11061,AUT-1062
11060,AUT-1061
11059,AUT-1060
11058,AUT-1059
11057,AUT-1058
11056,AUT-1057
11055,AUT-1056
11054,AUT-1055
11053,AUT-1054
11052,AUT-1053
11051,AUT-1052
11050,AUT-1051
11049,AUT-1050
11048,AUT-1049
11047,AUT-1048
11046,AUT-1047
11045,AUT-1046
11044,AUT-1045
11043,AUT-1044
11042,AUT-1043
11041,AUT-1042
11040,AUT-1041
11039,AUT-1040
11038,AUT-1039
11037,AUT-1038
11036,AUT-1037
11035,AUT-1036
11034,AUT-1035
11033,AUT-1034
11032,AUT-1033
11031,AUT-1032
11030,AUT-1031
11029,AUT-1030
11028,AUT-1029
11027,AUT-1028
11026,AUT-1027
11025,AUT-1026
11024,AUT-1025
11023,AUT-1024
11022,AUT-1023
11021,AUT-1022
11020,AUT-1021
11019,AUT-1020
11018,AUT-1019
11017,AUT-1018
11016,AUT-1017
11015,AUT-1016
11014,AUT-1015
11013,AUT-1014
11012,AUT-1013
11011,AUT-1012
11010,AUT-1011
11009,AUT-1010
11008,AUT-1009
11007,AUT-1008
11006,AUT-1007
11005,AUT-1006
11004,AUT-1005
11003,AUT-1004
11002,AUT-1003
11001,AUT-1002
11000,AUT-1001
10999,AUT-1000
10998,AUT-999
10997,AUT-998
10996,AUT-997
10995,AUT-996
10994,AUT-995
10993,AUT-994
10992,AUT-993
10991,AUT-992
10990,AUT-991
10989,AUT-990
10988,AUT-989
10987,AUT-988
10986,AUT-987
10985,AUT-986
10984,AUT-985
10983,AUT-984
10982,AUT-983
10981,AUT-982
10980,AUT-981
10979,AUT-980
10978,AUT-979
10977,AUT-978
10976,AUT-977
10975,AUT-976
10974,AUT-975
10973,AUT-974
10972,AUT-973
10971,AUT-972
10970,AUT-971
10969,AUT-970
10968,AUT-969
10967,AUT-968
10966,AUT-967
10965,AUT-966
10964,AUT-965
10963,AUT-964
10962,AUT-963
10961,AUT-962
10960,AUT-961
10959,AUT-960
10958,AUT-959
10957,AUT-958
10956,AUT-957
10955,AUT-956
10954,AUT-955
10953,AUT-954
10952,AUT-953
10951,AUT-952
10950,AUT-951
10949,AUT-950
10948,AUT-949
10947,AUT-948
10946,AUT-947
10945,AUT-946
10944,AUT-945
10943,AUT-944
10942,AUT-943
10941,AUT-942
10940,AUT-941
10939,AUT-940
10938,AUT-939
10937,AUT-938
10936,AUT-937
10935,AUT-936
10934,AUT-935
10933,AUT-934
10932,AUT-933
10931,AUT-932
10930,AUT-931
10929,AUT-930
10928,AUT-929
10927,AUT-928
10926,AUT-927
10925,AUT-926
10924,AUT-925
10923,AUT-924
10922,AUT-923
10921,AUT-922
10920,AUT-921
10919,AUT-920
10918,AUT-919
10917,AUT-918
10916,AUT-917
10915,AUT-916
10914,AUT-915
10913,AUT-914
10912,AUT-913
10911,AUT-912
10910,AUT-911
10909,AUT-910
10908,AUT-909
10907,AUT-908
10906,AUT-907
10905,AUT-906
10904,AUT-905
10903,AUT-904
10902,AUT-903
10901,AUT-902
10900,AUT-901
10899,AUT-900
10898,AUT-899
10897,AUT-898
10896,AUT-897
10895,AUT-896
10894,AUT-895
10893,AUT-894
10892,AUT-893
10891,AUT-892
10890,AUT-891
10889,AUT-890
10888,AUT-889
10887,AUT-888
10886,AUT-887
10885,AUT-886
10884,AUT-885
10883,AUT-884
10882,AUT-883
10881,AUT-882
10880,AUT-881
10879,AUT-880
10878,AUT-879
10877,AUT-878
10876,AUT-877
10875,AUT-876
10874,AUT-875
10873,AUT-874
10872,AUT-873
10871,AUT-872
10870,AUT-871
10869,AUT-870
10868,AUT-869
10867,AUT-868
10866,AUT-867
10865,AUT-866
10864,AUT-865
10863,AUT-864
10862,AUT-863
10861,AUT-862
10860,AUT-861
10859,AUT-860
10858,AUT-859
10857,AUT-858
10856,AUT-857
10855,AUT-856
10854,AUT-855
10853,AUT-854
10852,AUT-853
10851,AUT-852
10850,AUT-851
10849,AUT-850
10848,AUT-849
10847,AUT-848
10846,AUT-847
10845,AUT-846
10844,AUT-845
10843,AUT-844
10842,AUT-843
10841,AUT-842
10840,AUT-841
10839,AUT-840
10838,AUT-839
10837,AUT-838
10836,AUT-837
10835,AUT-836
10834,AUT-835
10833,AUT-834
10832,AUT-833
10831,AUT-832
10830,AUT-831
10829,AUT-830
10828,AUT-829
10827,AUT-828
10826,AUT-827
10825,AUT-826
10824,AUT-825
10823,AUT-824
10822,AUT-823
10821,AUT-822
10820,AUT-821
10819,AUT-820
10818,AUT-819
10817,AUT-818
10816,AUT-817
10815,AUT-816
10814,AUT-815
10813,AUT-814
10812,AUT-813
10811,AUT-812
10810,AUT-811
10809,AUT-810
10808,AUT-809
10807,AUT-808
10806,AUT-807
10805,AUT-806
10804,AUT-805
10803,AUT-804
10802,AUT-803
10801,AUT-802
10800,AUT-801
10799,AUT-800
10798,AUT-799
10797,AUT-798
10796,AUT-797
10795,AUT-796
10794,AUT-795
10793,AUT-794
10792,AUT-793
10791,AUT-792
10790,AUT-791
10789,AUT-790
10788,AUT-789
10787,AUT-788
10786,AUT-787
10785,AUT-786
10784,AUT-785
10783,AUT-784
10782,AUT-783
10781,AUT-782
10780,AUT-781
10779,AUT-780
10778,AUT-779
10777,AUT-778
10776,AUT-777
10775,AUT-776
10774,AUT-775
10773,AUT-774
10772,AUT-773
10771,AUT-772
10770,AUT-771
10769,AUT-770
10768,AUT-769
10767,AUT-768
10766,AUT-767
10765,AUT-766
10764,AUT-765
10763,AUT-764
10762,AUT-763
10761,AUT-762
10760,AUT-761
10759,AUT-760
10758,AUT-759
10757,AUT-758
10756,AUT-757
10755,AUT-756
10754,AUT-755
10753,AUT-754
10752,AUT-753
10751,AUT-752
10750,AUT-751
10749,AUT-750
10748,AUT-749
10747,AUT-748
10746,AUT-747
10745,AUT-746
10744,AUT-745
10743,AUT-744
10742,AUT-743
10741,AUT-742
10740,AUT-741
10739,AUT-740
10738,AUT-739
10737,AUT-738
10736,AUT-737
10735,AUT-736
10734,AUT-735
10733,AUT-734
10732,AUT-733
10731,AUT-732
10730,AUT-731
10729,AUT-730
10728,AUT-729
10727,AUT-728
10726,AUT-727
10725,AUT-726
10724,AUT-725
10723,AUT-724
10722,AUT-723
10721,AUT-722
10720,AUT-721
10719,AUT-720
10718,AUT-719
10717,AUT-718
10716,AUT-717
10715,AUT-716
10714,AUT-715
10713,AUT-714
10712,AUT-713
10711,AUT-712
10710,AUT-711
10709,AUT-710
10708,AUT-709
10707,AUT-708
10706,AUT-707
10705,AUT-706
10704,AUT-705
10703,AUT-704
10702,AUT-703
10701,AUT-702
10700,AUT-701
10699,AUT-700
10698,AUT-699
10697,AUT-698
10696,AUT-697
10695,AUT-696
10694,AUT-695
10693,AUT-694
10692,AUT-693
10691,AUT-692
10690,AUT-691
10689,AUT-690
10688,AUT-689
10687,AUT-688
10686,AUT-687
10685,AUT-686
10684,AUT-685
10683,AUT-684
10682,AUT-683
10681,AUT-682
10680,AUT-681
10679,AUT-680
10678,AUT-679
10677,AUT-678
10676,AUT-677
10675,AUT-676
10674,AUT-675
10673,AUT-674
10672,AUT-673
10671,AUT-672
10670,AUT-671
10669,AUT-670
10668,AUT-669
10667,AUT-668
10666,AUT-667
10665,AUT-666
10664,AUT-665
10663,AUT-664
10662,AUT-663
10661,AUT-662
10660,AUT-661
10659,AUT-660
10658,AUT-659
10657,AUT-658
10656,AUT-657
10655,AUT-656
10654,AUT-655
10653,AUT-654
10652,AUT-653
10651,AUT-652
10650,AUT-651
10649,AUT-650
10648,AUT-649
10647,AUT-648
10646,AUT-647
10645,AUT-646
10644,AUT-645
10643,AUT-644
10642,AUT-643
10641,AUT-642
10640,AUT-641
10639,AUT-640
10638,AUT-639
10637,AUT-638
10636,AUT-637
10635,AUT-636
10634,AUT-635
10633,AUT-634
10632,AUT-633
10631,AUT-632
10630,AUT-631
10629,AUT-630
10628,AUT-629
10627,AUT-628
10626,AUT-627
10625,AUT-626
10624,AUT-625
10623,AUT-624
10622,AUT-623
10621,AUT-622
10620,AUT-621
10619,AUT-620
10618,AUT-619
10617,AUT-618
10616,AUT-617
10615,AUT-616
10614,AUT-615
10613,AUT-614
10612,AUT-613
10611,AUT-612
10610,AUT-611
10609,AUT-610
10608,AUT-609
10607,AUT-608
10606,AUT-607
10605,AUT-606
10604,AUT-605
10603,AUT-604
10602,AUT-603
10601,AUT-602
10600,AUT-601
10599,AUT-600
10598,AUT-599
10597,AUT-598
10596,AUT-597
10595,AUT-596
10594,AUT-595
10593,AUT-594
10592,AUT-593
10591,AUT-592
10590,AUT-591
10589,AUT-590
10588,AUT-589
10587,AUT-588
10586,AUT-587
10585,AUT-586
10584,AUT-585
10583,AUT-584
10582,AUT-583
10581,AUT-582
10580,AUT-581
10579,AUT-580
10578,AUT-579
10577,AUT-578
10576,AUT-577
10575,AUT-576
10574,AUT-575
10573,AUT-574
10572,AUT-573
10571,AUT-572
10570,AUT-571
10569,AUT-570
10568,AUT-569
10567,AUT-568
10566,AUT-567
10565,AUT-566
10564,AUT-565
10563,AUT-564
10562,AUT-563
10561,AUT-562
10560,AUT-561
10559,AUT-560
10558,AUT-559
10557,AUT-558
10556,AUT-557
10555,AUT-556
10554,AUT-555
10553,AUT-554
10552,AUT-553
10551,AUT-552
10550,AUT-551
10549,AUT-550
10548,AUT-549
10547,AUT-548
10546,AUT-547
10545,AUT-546
10544,AUT-545
10543,AUT-544
10542,AUT-543
10541,AUT-542
10540,AUT-541
10539,AUT-540
10538,AUT-539
10537,AUT-538
10536,AUT-537
10535,AUT-536
10534,AUT-535
10533,AUT-534
10532,AUT-533
10531,AUT-532
10530,AUT-531
10529,AUT-530
10528,AUT-529
10527,AUT-528
10526,AUT-527
10525,AUT-526
10524,AUT-525
10523,AUT-524
10522,AUT-523
10521,AUT-522
10520,AUT-521
10519,AUT-520
10518,AUT-519
10517,AUT-518
10516,AUT-517
10515,AUT-516
10514,AUT-515
10513,AUT-514
10512,AUT-513
10511,AUT-512
10510,AUT-511
10509,AUT-510
10508,AUT-509
10507,AUT-508
10506,AUT-507
10505,AUT-506
10504,AUT-505
10503,AUT-504
10502,AUT-503
10501,AUT-502
10500,AUT-501
10499,AUT-500
10498,AUT-499
10497,AUT-498
10496,AUT-497
10495,AUT-496
10494,AUT-495
10493,AUT-494
10492,AUT-493
10491,AUT-492
10490,AUT-491
10489,AUT-490
10488,AUT-489
10487,AUT-488
10486,AUT-487
10485,AUT-486
10484,AUT-485
10483,AUT-484
10482,AUT-483
10481,AUT-482
10480,AUT-481
10479,AUT-480
10478,AUT-479
10477,AUT-478
10476,AUT-477
10475,AUT-476
10474,AUT-475
10473,AUT-474
10472,AUT-473
10471,AUT-472
10470,AUT-471
10469,AUT-470
10468,AUT-469
10467,AUT-468
10466,AUT-467
10465,AUT-466
10464,AUT-465
10463,AUT-464
10462,AUT-463
10461,AUT-462
10460,AUT-461
10459,AUT-460
10458,AUT-459
10457,AUT-458
10456,AUT-457
10455,AUT-456
10454,AUT-455
10453,AUT-454
10452,AUT-453
10451,AUT-452
10450,AUT-451
10449,AUT-450
10448,AUT-449
10447,AUT-448
10446,AUT-447
10445,AUT-446
10444,AUT-445
10443,AUT-444
10442,AUT-443
10441,AUT-442
10440,AUT-441
10439,AUT-440
10438,AUT-439
10437,AUT-438
10436,AUT-437
10435,AUT-436
10434,AUT-435
10433,AUT-434
10432,AUT-433
10431,AUT-432
10430,AUT-431
10429,AUT-430
10428,AUT-429
10427,AUT-428
10426,AUT-427
10425,AUT-426
10424,AUT-425
10423,AUT-424
10422,AUT-423
10421,AUT-422
10420,AUT-421
10419,AUT-420
10418,AUT-419
10417,AUT-418
10416,AUT-417
10415,AUT-416
10414,AUT-415
10413,AUT-414
10412,AUT-413
10411,AUT-412
10410,AUT-411
10409,AUT-410
10408,AUT-409
10407,AUT-408
10406,AUT-407
10405,AUT-406
10404,AUT-405
10403,AUT-404
10402,AUT-403
10401,AUT-402
10400,AUT-401
10399,AUT-400
10398,AUT-399
10397,AUT-398
10396,AUT-397
10395,AUT-396
10394,AUT-395
10393,AUT-394
10392,AUT-393
10391,AUT-392
10390,AUT-391
10389,AUT-390
10388,AUT-389
10387,AUT-388
10386,AUT-387
10385,AUT-386
10384,AUT-385
10383,AUT-384
10382,AUT-383
10381,AUT-382
10380,AUT-381
10379,AUT-380
10378,AUT-379
10377,AUT-378
10376,AUT-377
10375,AUT-376
10374,AUT-375
10373,AUT-374
10372,AUT-373
10371,AUT-372
10370,AUT-371
10369,AUT-370
10368,AUT-369
10367,AUT-368
10366,AUT-367
10365,AUT-366
10364,AUT-365
10363,AUT-364
10362,AUT-363
10361,AUT-362
10360,AUT-361
10359,AUT-360
10358,AUT-359
10357,AUT-358
10356,AUT-357
10355,AUT-356
10354,AUT-355
10353,AUT-354
10352,AUT-353
10351,AUT-352
10350,AUT-351
10349,AUT-350
10348,AUT-349
10347,AUT-348
10346,AUT-347
10345,AUT-346
10344,AUT-345
10343,AUT-344
10342,AUT-343
10341,AUT-342
10340,AUT-341
10339,AUT-340
10338,AUT-339
10337,AUT-338
10336,AUT-337
10335,AUT-336
10334,AUT-335
10333,AUT-334
10332,AUT-333
10331,AUT-332
10330,AUT-331
10329,AUT-330
10328,AUT-329
10327,AUT-328
10326,AUT-327
10325,AUT-326
10324,AUT-325
10323,AUT-324
10322,AUT-323
10321,AUT-322
10320,AUT-321
10319,AUT-320
10318,AUT-319
10317,AUT-318
10316,AUT-317
10315,AUT-316
10314,AUT-315
10313,AUT-314
10312,AUT-313
10311,AUT-312
10310,AUT-311
10309,AUT-310
10308,AUT-309
10307,AUT-308
10306,AUT-307
10305,AUT-306
10304,AUT-305
10303,AUT-304
10302,AUT-303
10301,AUT-302
10300,AUT-301
10299,AUT-300
10298,AUT-299
10297,AUT-298
10296,AUT-297
10295,AUT-296
10294,AUT-295
10293,AUT-294
10292,AUT-293
10291,AUT-292
10290,AUT-291
10289,AUT-290
10288,AUT-289
10287,AUT-288
10286,AUT-287
10285,AUT-286
10284,AUT-285
10283,AUT-284
10282,AUT-283
10281,AUT-282
10280,AUT-281
10279,AUT-280
10278,AUT-279
10277,AUT-278
10276,AUT-277
10275,AUT-276
10274,AUT-275
10273,AUT-274
10272,AUT-273
10271,AUT-272
10270,AUT-271
10269,AUT-270
10268,AUT-269
10267,AUT-268
10266,AUT-267
10265,AUT-266
10264,AUT-265
10263,AUT-264
10262,AUT-263
10261,AUT-262
10260,AUT-261
10259,AUT-260
10258,AUT-259
10257,AUT-258
10256,AUT-257
10255,AUT-256
10254,AUT-255
10253,AUT-254
10252,AUT-253
10251,AUT-252
10250,AUT-251
10249,AUT-250
10248,AUT-249
10247,AUT-248
10246,AUT-247
10245,AUT-246
10244,AUT-245
10243,AUT-244
10242,AUT-243
10241,AUT-242
10240,AUT-241
10239,AUT-240
10238,AUT-239
10237,AUT-238
10236,AUT-237
10235,AUT-236
10234,AUT-235
10233,AUT-234
10232,AUT-233
10231,AUT-232
10230,AUT-231
10229,AUT-230
10228,AUT-229
10227,AUT-228
10226,AUT-227
10225,AUT-226
10224,AUT-225
10223,AUT-224
10222,AUT-223
10221,AUT-222
10220,AUT-221
10219,AUT-220
10218,AUT-219
10217,AUT-218
10216,AUT-217
10215,AUT-216
10214,AUT-215
10213,AUT-214
10212,AUT-213
10211,AUT-212
10210,AUT-211
10209,AUT-210
10208,AUT-209
10207,AUT-208
10206,AUT-207
10205,AUT-206
10204,AUT-205
10203,AUT-204
10202,AUT-203
10201,AUT-202
10200,AUT-201
10199,AUT-200
10198,AUT-199
10197,AUT-198
10196,AUT-197
10195,AUT-196
10194,AUT-195
10193,AUT-194
10192,AUT-193
10191,AUT-192
10190,AUT-191
10189,AUT-190
10188,AUT-189
10187,AUT-188
10186,AUT-187
10185,AUT-186
10184,AUT-185
10183,AUT-184
10182,AUT-183
10181,AUT-182
10180,AUT-181
10179,AUT-180
10178,AUT-179
10177,AUT-178
10176,AUT-177
10175,AUT-176
10174,AUT-175
10173,AUT-174
10172,AUT-173
10171,AUT-172
10170,AUT-171
10169,AUT-170
10168,AUT-169
10167,AUT-168
10166,AUT-167
10165,AUT-166
10164,AUT-165
10163,AUT-164
10162,AUT-163
10161,AUT-162
10160,AUT-161
10159,AUT-160
10158,AUT-159
10157,AUT-158
10156,AUT-157
10155,AUT-156
10154,AUT-155
10153,AUT-154
10152,AUT-153
10151,AUT-152
10150,AUT-151
10149,AUT-150
10148,AUT-149
10147,AUT-148
10146,AUT-147
10145,AUT-146
10144,AUT-145
10143,AUT-144
10142,AUT-143
10141,AUT-142
10140,AUT-141
10139,AUT-140
10138,AUT-139
10137,AUT-138
10136,AUT-137
10135,AUT-136
10134,AUT-135
10133,AUT-134
10132,AUT-133
10131,AUT-132
10130,AUT-131
10129,AUT-130
10128,AUT-129
10127,AUT-128
10126,AUT-127
10125,AUT-126
10124,AUT-125
10123,AUT-124
10122,AUT-123
10121,AUT-122
10120,AUT-121
10119,AUT-120
10118,AUT-119
10117,AUT-118
10116,AUT-117
10115,AUT-116
10114,AUT-115
10113,AUT-114
10112,AUT-113
10111,AUT-112
10110,AUT-111
10109,AUT-110
10108,AUT-109
10107,AUT-108
10106,AUT-107
10105,AUT-106
10104,AUT-105
10103,AUT-104
10102,AUT-103
10101,AUT-102
10100,AUT-101
10099,AUT-100
10098,AUT-99
10097,AUT-98
10096,AUT-97
10095,AUT-96
10094,AUT-95
10093,AUT-94
10092,AUT-93
10091,AUT-92
10090,AUT-91
10089,AUT-90
10088,AUT-89
10087,AUT-88
10086,AUT-87
10085,AUT-86
10084,AUT-85
10083,AUT-84
10082,AUT-83
10081,AUT-82
10080,AUT-81
10079,AUT-80
10078,AUT-79
10077,AUT-78
10076,AUT-77
10075,AUT-76
10074,AUT-75
10073,AUT-74
10072,AUT-73
10071,AUT-72
10070,AUT-71
10069,AUT-70
10068,AUT-69
10067,AUT-68
10066,AUT-67
10065,AUT-66
10064,AUT-65
10063,AUT-64
10062,AUT-63
10061,AUT-62
10060,AUT-61
10059,AUT-60
10058,AUT-59
10057,AUT-58
10056,AUT-57
10055,AUT-56
10054,AUT-55
10053,AUT-54
10052,AUT-53
10051,AUT-52
10050,AUT-51
10049,AUT-50
10048,AUT-49
10047,AUT-48
10046,AUT-47
10045,AUT-46
10044,AUT-45
10043,AUT-44
10042,AUT-43
10041,AUT-42
10040,AUT-41
10039,AUT-40
10038,AUT-39
10037,AUT-38
10036,AUT-37
10035,AUT-36
10034,AUT-35
10033,AUT-34
10032,AUT-33
10031,AUT-32
10030,AUT-31
10029,AUT-30
10028,AUT-29
10027,AUT-28
10026,AUT-27
10025,AUT-26
10024,AUT-25
10023,AUT-24
10022,AUT-23
10021,AUT-22
10020,AUT-21
10019,AUT-20
10018,AUT-19
10017,AUT-18
10016,AUT-17
10015,AUT-16
10014,AUT-15
10013,AUT-14
10012,AUT-13
10011,AUT-12
10010,AUT-11
10009,AUT-10
10008,AUT-9
10007,AUT-8
10006,AUT-7
10005,AUT-6
10004,AUT-5
10003,AUT-4
10002,AUT-3
10001,AUT-2
10000,AUT-1
